RA_CODE_2016,P_Y8b_15_19_yrs,P_Y8b_20_24_yrs,P_Y8b_25_34_yrs,P_Y8b_35_44_yrs,P_Y8b_45_54_yrs,P_Y8b_55_64_yrs,P_Y8b_65_74_yrs,P_Y8b_75_84_yrs,P_Y8b_85ov,P_Y8b_Tot,P_DNGTS_15_19,P_DNGTS_20_24,P_DNGTS_25_34,P_DNGTS_35_44,P_DNGTS_45_54,P_DNGTS_55_64,P_DNGTS_65_74,P_DNGTS_75_84,P_DNGTS_85_ov,P_DNGTS_Tot,P_Hghst_yr_schl_ns_15_19_yrs,P_Hghst_yr_schl_ns_20_24_yrs,P_Hghst_yr_schl_ns_25_34_yrs,P_Hghst_yr_schl_ns_35_44_yrs,P_Hghst_yr_schl_ns_45_54_yrs,P_Hghst_yr_schl_ns_55_64_yrs,P_Hghst_yr_schl_ns_65_74_yrs,P_Hghst_yr_schl_ns_75_84_yrs,P_Hghst_yr_schl_ns_85_yrs_ovr,P_Hghst_yr_schl_ns_Tot,P_Tot_15_19_yrs,P_Tot_20_24_yrs,P_Tot_25_34_yrs,P_Tot_35_44_yrs,P_Tot_45_54_yrs,P_Tot_55_64_yrs,P_Tot_65_74_yrs,P_Tot_75_84_yrs,P_Tot_85ov,P_Tot_Tot
RA10,1112,2299,7324,10226,18020,34211,44686,40301,23165,181344,300,1388,5056,5361,8209,10630,9785,10260,4950,55934,15504,25896,63135,49359,45171,42192,40605,34259,25950,342068,150506,390944,870315,788819,722955,615084,445643,248728,117003,4349994
RA11,491,659,1771,2379,4554,10339,15033,13287,8408,56920,70,115,318,413,549,664,753,650,312,3844,5859,6745,13397,13840,16437,18001,19066,15551,9369,118267,39013,74180,147546,161244,188180,199394,170154,92297,38393,1110408
RA12,153,221,643,921,1997,4779,6730,5350,2816,23602,16,24,99,88,166,241,360,276,127,1398,2181,2159,4490,4807,6448,7549,7595,5646,2835,43717,11292,19614,41083,45649,58981,67568,55668,29482,11239,340573
RA13,15,34,70,83,175,352,501,359,150,1738,0,4,7,6,18,32,39,31,10,138,194,215,506,478,575,594,519,352,118,3554,796,1550,3654,3363,4021,4033,2924,1595,533,22476
RA14,6,10,19,27,46,100,113,49,26,384,0,0,0,0,0,9,10,3,3,25,40,71,163,112,161,121,95,53,9,824,176,328,731,655,848,806,539,223,70,4380
RA15,0,0,0,0,3,5,13,3,0,27,0,0,0,0,0,0,0,0,0,4,0,0,4,7,8,9,27,9,0,67,11,9,32,34,50,76,108,42,10,373
RA19,10,29,53,41,61,90,94,33,8,419,0,4,8,8,21,12,7,7,0,62,125,302,779,674,631,459,269,90,30,3369,441,1357,2698,1900,1798,1714,1194,282,78,11461
RA20,1630,2575,8195,10185,14779,25501,48124,47782,25586,184366,366,1556,4996,5567,7135,8141,8145,9332,3966,49218,13217,21776,52286,39923,36838,33503,32232,27801,18654,276231,117856,339757,743246,646889,592834,482033,349083,201104,92399,3565181
RA21,603,806,1892,2135,3363,6832,14978,14183,8712,53501,70,162,531,580,722,599,596,528,239,4030,4367,4657,9804,10708,13055,14521,14853,11567,6314,89854,28154,60148,119061,131090,152208,155945,127296,66000,27981,867884
RA22,143,187,481,541,996,1949,4254,4183,2465,15196,23,45,118,159,214,174,175,197,71,1178,1033,1132,2346,2308,3365,3912,4210,3083,1802,23187,5615,11379,23795,25472,33149,37398,31679,17222,7321,193035
RA23,0,0,0,3,5,18,61,59,51,195,0,0,0,0,0,0,0,4,0,5,9,14,19,31,44,48,51,41,21,262,34,90,199,286,409,597,542,274,109,2524
RA25,0,0,0,0,0,0,0,0,0,0,0,0,0,0,0,0,0,0,0,0,0,0,0,0,0,0,0,0,0,3,0,0,4,3,11,5,0,0,0,25
RA29,17,20,42,33,28,30,38,13,11,228,8,3,13,5,16,11,9,3,3,83,79,221,493,492,336,219,111,39,9,2000,278,897,1841,1288,975,816,482,121,38,6740
RA30,579,1082,3242,4299,6545,10501,26282,22821,12981,88329,149,552,1757,1771,2251,2229,1630,1374,709,12420,9537,14873,31494,26296,26077,23138,21547,17531,13275,183770,97502,214625,434765,411375,390786,323284,244432,124306,55248,2296325
RA31,240,386,1226,1688,3121,5884,18200,14474,6278,51503,49,99,293,340,483,437,458,357,172,2681,3826,4517,9309,9855,11362,11507,11341,8424,4777,74920,29081,51418,103883,112118,128901,126647,105358,52632,19166,729212
RA32,206,241,812,1163,2132,4184,10215,7967,3536,30457,35,107,301,345,433,390,411,374,179,2589,3431,4700,9939,9171,10134,9319,7696,4925,2175,61483,21250,40830,86772,86992,93069,85065,60918,28323,9839,513059
RA33,45,50,106,141,356,641,1270,787,271,3668,3,4,24,29,30,46,68,43,18,261,422,701,1659,1262,1408,1231,915,408,129,8143,2125,4485,10823,9281,9946,8944,5895,2399,665,54563
RA34,67,69,177,216,392,816,1128,578,202,3636,11,4,24,24,31,66,91,63,22,337,357,453,868,696,699,668,523,276,113,4663,2083,3703,7607,6480,6918,6247,3796,1583,502,38917
RA35,0,0,0,0,0,0,11,3,0,17,0,0,0,0,0,0,0,0,0,0,0,3,0,0,4,4,7,0,0,22,3,11,11,14,24,30,33,16,4,143
RA39,5,13,31,28,49,88,229,59,8,512,4,5,10,14,19,11,13,0,4,70,71,242,556,449,431,467,311,92,15,2629,348,1131,2286,1485,1663,2373,1916,381,44,11623
RA40,338,524,1824,2092,2921,5552,12518,13534,8893,48180,84,310,1025,1426,1743,1685,1476,1859,936,10526,3035,4462,9760,8648,9322,9260,9308,8311,5886,67982,32291,85180,171362,158714,163671,148489,114200,65766,33072,972747
RA41,62,88,224,305,472,1022,2914,2750,1776,9613,11,23,56,78,87,77,97,81,36,541,666,714,1454,1700,2110,2301,2370,1757,1077,14152,5245,10833,21247,24544,30169,30835,26669,13250,5481,168266
RA42,59,68,276,315,533,1371,3509,2945,1594,10665,9,30,85,116,128,97,111,129,51,765,606,742,1662,1730,2305,2341,2517,1820,1196,14911,3879,8199,17719,18885,24376,25676,21426,11216,4615,135992
RA43,7,13,51,47,91,256,683,643,408,2207,3,0,5,12,9,13,13,11,3,73,183,193,487,474,566,626,520,355,221,3633,896,1927,5040,4992,6050,6421,4927,2417,1092,33761
RA44,20,21,51,61,89,131,219,127,50,776,3,3,9,15,20,12,25,14,3,109,79,136,312,287,350,314,196,102,62,1846,372,801,1844,1721,1926,1899,1210,475,173,10421
RA45,0,0,0,0,0,0,0,0,0,0,0,0,0,0,0,0,0,0,0,0,0,0,0,0,0,0,0,0,0,0,0,0,0,0,0,3,0,0,0,3
RA49,3,12,15,19,20,22,38,12,7,139,3,0,6,7,0,9,3,0,0,30,32,55,106,127,144,88,48,13,10,612,111,262,554,417,475,403,271,59,22,2575
RA50,372,572,2037,2825,3652,6099,10654,12541,6563,45313,90,390,1466,1512,1623,1620,1278,1534,770,10272,5653,9173,23807,18391,17188,15313,14107,12566,8724,124913,56362,131148,302922,268457,253999,209308,149838,80941,34419,1487383
RA51,56,49,141,205,299,761,1601,1875,797,5780,8,26,79,59,77,61,73,76,50,509,994,1301,3160,3265,3214,2924,2652,1872,930,20309,6211,10590,24746,28600,31309,29186,22222,10438,3615,166917
RA52,66,60,172,273,383,837,1720,1811,873,6198,11,31,81,80,96,97,110,97,58,659,877,970,2460,2355,2775,2776,2258,1705,895,17072,5427,9121,21424,22409,26060,25273,18616,9459,3411,141205
RA53,28,28,85,113,200,349,515,440,159,1922,9,6,20,32,40,39,45,29,16,223,426,650,2142,1798,1765,1386,826,430,190,9606,2048,4417,14146,12729,11952,9534,5004,2134,690,62652
RA54,102,105,231,250,346,468,459,185,47,2189,13,15,56,48,69,114,122,88,30,562,492,798,2909,2308,2021,1324,616,184,65,10719,1874,4107,14104,11486,10298,7452,3202,920,232,53673
RA55,0,0,0,4,0,0,0,0,0,8,0,0,0,0,0,0,0,0,0,0,0,4,24,16,15,8,0,0,0,72,0,20,126,126,105,43,8,3,3,429
RA59,3,6,4,11,20,34,52,14,3,142,0,4,5,4,4,6,0,3,0,30,43,131,374,308,348,209,125,26,5,1570,132,503,1306,910,957,973,633,98,23,5534
RA61,143,193,434,462,686,1529,2407,2950,2450,11254,34,71,168,266,322,229,160,146,73,1464,1141,1431,2895,2643,3166,3550,3756,2997,1610,23193,9968,22166,42656,41871,45927,44877,35090,19297,8499,270341
RA62,50,51,151,184,389,1058,1784,1859,1160,6691,7,17,29,30,61,61,66,46,24,341,587,530,1051,1283,1851,2297,2418,1680,622,12323,4597,7114,14070,16738,22446,25239,20686,9637,3080,123602
RA63,3,0,6,8,22,75,85,86,32,320,0,0,0,0,3,4,6,7,7,30,28,31,73,77,134,137,180,91,37,788,142,313,788,793,1150,1419,1116,466,121,6307
RA64,0,0,0,3,4,14,26,20,23,99,0,0,0,0,0,0,0,0,0,0,19,9,27,19,28,46,38,32,14,227,48,100,273,243,345,469,356,171,59,2071
RA65,0,0,0,0,0,0,0,0,0,0,0,0,0,0,0,0,0,0,0,0,0,0,3,0,0,0,0,0,0,6,0,8,23,5,15,12,7,0,0,73
RA69,3,3,0,4,9,3,3,0,0,32,0,0,0,0,0,0,0,0,0,3,10,22,44,33,37,15,18,3,0,187,48,90,183,147,135,113,84,12,3,825
RA72,39,52,218,315,443,686,817,471,139,3182,4,33,81,87,96,153,108,83,31,673,747,1334,3918,2900,2528,1990,1140,417,156,15129,3594,9529,26827,21764,18935,14039,7410,2470,626,105186
RA73,91,90,184,233,298,359,359,152,52,1809,15,24,50,47,77,63,67,38,23,400,390,629,1458,1046,1207,975,543,194,63,6509,1415,2850,7657,6290,6722,5319,2596,850,238,33940
RA74,409,502,1034,908,877,694,380,103,15,4924,46,58,129,110,193,201,202,141,37,1119,652,725,1281,1026,832,548,210,58,11,5339,2563,3997,7992,6114,5136,3475,1373,411,68,31133
RA75,0,0,0,0,0,0,0,0,0,0,0,0,0,0,0,0,0,0,0,0,0,0,4,6,0,0,0,0,0,9,0,3,30,19,9,3,0,3,0,71
RA79,0,0,8,25,39,25,26,3,0,124,0,0,7,0,11,3,3,0,0,18,3,66,182,140,157,110,58,15,0,737,24,183,457,396,461,440,278,38,0,2275
RA80,67,120,261,364,538,1093,1709,1611,895,6655,10,60,178,174,219,217,198,234,103,1391,1024,1929,4299,3271,2861,2546,2253,1840,1395,21411,11216,31250,65861,58133,50797,41318,29372,14330,6147,308426
RA81,0,0,0,0,0,0,0,3,0,3,0,0,0,0,0,0,0,0,0,0,7,0,10,12,11,8,0,0,0,53,21,31,105,118,96,72,27,8,3,480
RA85,0,0,0,0,0,0,0,0,0,0,0,0,0,0,0,0,0,0,0,0,0,0,0,0,0,0,0,0,0,0,0,0,0,0,0,0,0,0,0,0
RA89,0,0,0,3,0,3,0,0,0,12,0,0,0,0,0,0,0,0,0,3,9,7,16,27,19,17,6,3,0,102,30,79,108,107,68,78,24,8,3,502
RA91,0,0,0,0,4,3,3,0,0,11,0,0,0,0,0,0,0,0,0,4,5,10,20,12,13,4,10,0,0,83,16,39,61,54,59,33,15,6,0,297
RA94,0,0,4,7,23,67,56,24,3,180,0,0,0,3,10,46,51,26,0,141,20,55,153,114,111,112,65,30,12,677,70,165,507,572,640,659,439,179,51,3280
RA95,0,0,0,0,0,0,0,0,0,0,0,0,0,0,0,0,0,0,0,0,0,0,0,0,0,0,0,0,0,0,0,0,3,0,0,0,0,0,0,6
RA99,0,0,0,0,0,0,0,0,0,0,0,0,0,0,0,0,0,0,0,0,4,4,0,0,0,0,0,0,0,4,3,10,0,5,9,11,13,0,0,46